source;coverage
ecampus.com;0.23873517786561266
indoo.com;0.5154150197628459
textbookxdotcom;0.6
a1books;0.8656126482213439
textbooksnow;0.2656126482213439
paperbackworld.de;0.4608695652173913
caiman;0.8102766798418972
movies with a smile;0.108300395256917
marando.de versandbuchhandlung;0.15889328063241107
aha-buch;0.2458498023715415
versandantiquariat robert a. mueller;0.32885375494071145
morgenstundt buch & kunst;0.2276679841897233
alphacraze.com;0.1241106719367589
odeon books;0.1541501976284585
powell's  books;0.4324110671936759
quartermelon;0.5154150197628459
browns books;0.27509881422924903
books down under;0.36996047430830037
swoop;0.07509881422924901
thebookcom;0.3739130434782609
thesaintbookstore;0.25375494071146243
mellon's books;0.21818181818181817
blackwell online;0.3264822134387352
stratford books;0.4276679841897233
the book depository;0.36363636363636365
englishbookservice.com gti gmbh;0.18814229249011857
revaluation books;0.866403162055336
papamedia.com;0.7343873517786561
free u.s. air shipping @ thebookcompany;0.21422924901185772
bobs books;0.48221343873517786
gunars store;0.3233201581027668
gunter koppon;0.32806324110671936
limelight bookshop;0.7296442687747036
mildredsbooks;0.09723320158102766
best bargain books;0.14782608695652175
opoe-abe books;0.2134387351778656
players quest;0.16758893280632411
ashleyjohnson;0.06086956521739131
happybook;0.08142292490118577
ben artoge bookstore;0.01818181818181818
schmidsche buchhandlung fachbuch;0.0007905138339920949
technischer overseas pvt. ltd.;0.09011857707509881
readmate;0.03241106719367589
the e;0.06798418972332015
enjoystudy;0.03557312252964427
bookjoe;0.03162055335968379
htbook;0.07905138339920949
sunmark store;0.0774703557312253
softcoverdeal;0.015019762845849802
books2anywhere.com;0.33992094861660077
paperbackshop-us;0.38102766798418974
striped ostrich;0.07351778656126483
deepak sachdeva;0.04031620553359684
flybookstore;0.03399209486166008
bookmantra.com;0.15573122529644268
briggs books;0.0047430830039525695
oxfam bookshop hertford;0.0007905138339920949
aa42.com;0.0007905138339920949
robinart books;0.0007905138339920949
cody books ltd;0.008695652173913044
james & naomi cummings, booksellers;0.0007905138339920949
sandy chong;0.05454545454545454
nancy mcmath;0.0007905138339920949
hein & co. used and rare books;0.0007905138339920949
international books;0.05454545454545454
allenac;0.02766798418972332
bookforyou;0.0047430830039525695
betterworld.com;0.10039525691699605
better world books sale;0.007905138339920948
a2zbooks;0.039525691699604744
pay less books malaysia;0.0015810276679841897
pioneer book;0.0071146245059288534
sam weller's zion bookstore, abaa;0.003952569169960474
govind garg;0.05454545454545454
cobain llc;0.04980237154150197
textsearch, international (we recycle!);0.016600790513833993
book gallery // mike riley;0.0007905138339920949
livrenoir;0.03162055335968379
bunches of books;0.1422924901185771
books r us;0.014229249011857707
bookworms, inc.;0.0071146245059288534
booksoul;0.0031620553359683794
collegebooksdirect.com;0.10039525691699605
collegetextbookbin.com;0.04426877470355731
bookholders;0.05454545454545454
campus book store;0.014229249011857707
xpresstext;0.015810276679841896
dvd legacy;0.09881422924901186
economy books;0.023715415019762844
ham books;0.0047430830039525695
borgasorus books, inc;0.013438735177865613
bookbyte / norwest textbooks;0.08932806324110672
mayapapaya books;0.0023715415019762848
psychobabel books & journals;0.0031620553359683794
books on the web;0.0015810276679841897
great buy books;0.05138339920948617
cultured oyster books;0.0007905138339920949
hikah's books;0.0015810276679841897
recycle bookstore;0.005533596837944664
fellowshipbooks.net;0.007905138339920948
great_texts;0.017391304347826087
black swan books;0.0007905138339920949
book journeys;0.0007905138339920949
kentish knock company;0.0007905138339920949
frugal media;0.01818181818181818
51textbooks;0.009486166007905139
julian's books;0.003952569169960474
abyssbooks;0.0023715415019762848
inkt;0.0023715415019762848
inkt - free uk shipping 1st class;0.0023715415019762848
gotbooks;0.028458498023715414
hippo books;0.04743083003952569
aarenllc;0.0015810276679841897
the bookman;0.0015810276679841897
mesabooksales;0.0047430830039525695
lgtextbooks.com;0.04110671936758893
majaka books;0.0007905138339920949
alexander gallery;0.0015810276679841897
www.textbooksintl.com;0.003952569169960474
s m inc;0.01818181818181818
books in the city, inc.;0.007905138339920948
aaabooks4u;0.030039525691699605
eco encore;0.0015810276679841897
calibanbooks pittsburgh pa, abaa;0.0007905138339920949
cobu gmbh & co. kg;0.10355731225296443
5559store;0.0015810276679841897
proservice;0.015019762845849802
www.textbooksrus.com;0.023715415019762844
brandnewtextbooks;0.02608695652173913
missionbooks;0.008695652173913044
alinonline;0.034782608695652174
a team books;0.007905138339920948
bingo books;0.010276679841897233
orbidoo.de;0.022134387351778657
balkanika online;0.0031620553359683794
scientek books;0.003952569169960474
snowlionbooks;0.0047430830039525695
owlsbooks;0.025296442687747035
thriftbooks.com;0.015019762845849802
beagle books;0.03873517786561265
doug's top hat computer books;0.011067193675889328
isedeals;0.0071146245059288534
hjp wissenschaftl. versandbuchhandlung;0.0023715415019762848
bradbooks;0.0007905138339920949
fachbuecher weltversand;0.0031620553359683794
actinia bookstores;0.010276679841897233
kitabay;0.013438735177865613
morebooks2;0.0007905138339920949
phatpocket limited;0.003952569169960474
henry's biz books;0.05138339920948617
annex books inc;0.12015810276679842
cornwall discount books;0.03557312252964427
orca books;0.003952569169960474
textbook recycling co.;0.012648221343873518
textbooks for less;0.010276679841897233
california textbooks;0.003952569169960474
morgana inc;0.003952569169960474
laura's rare books;0.0007905138339920949
mandala books;0.0015810276679841897
harbor book cellar;0.0015810276679841897
fredsbookhouse;0.0015810276679841897
gallowglass books;0.0007905138339920949
russell books;0.0031620553359683794
oddball books;0.0023715415019762848
e-book traders, inc.;0.0023715415019762848
universalathenaeum;0.011857707509881422
memicky;0.005533596837944664
allichar books;0.0007905138339920949
>> midwest book company <<;0.0023715415019762848
gail p. kennon, book-comber;0.0007905138339920949
safe harbor;0.0007905138339920949
tranceworks;0.012648221343873518
bookpeople of moscow;0.0007905138339920949
limebay books;0.0007905138339920949
booksmart;0.0047430830039525695
joot just out of time;0.0007905138339920949
hoxton book depository;0.0007905138339920949
swan trading company;0.0007905138339920949
woody's books;0.0015810276679841897
the possible dream company;0.0007905138339920949
ensight book services;0.011067193675889328
griffin books;0.0007905138339920949
jacaranda online;0.0071146245059288534
bill dias, bookseller;0.0007905138339920949
william h. allen bookseller;0.0007905138339920949
heather jo frey, bookseller;0.007905138339920948
booklibrary;0.0031620553359683794
valerie dzendzeluk;0.0007905138339920949
ion fine books;0.0007905138339920949
textbook brokers;0.010276679841897233
g.t.s.;0.015019762845849802
back alley books;0.019762845849802372
byotb college textbook store;0.006324110671936759
looking for books?;0.0007905138339920949
tacoma book center;0.003952569169960474
kayleighbug books;0.0766798418972332
kayleighbug;0.0766798418972332
leaf-e-lady books;0.006324110671936759
ship today books;0.0015810276679841897
parker-fox llc books;0.0015810276679841897
d & a worldwide textbook service;0.005533596837944664
bargainbookstores.com;0.037944664031620556
wonder book;0.017391304347826087
jessebook;0.012648221343873518
booksavers;0.0047430830039525695
pro quo books;0.017391304347826087
books: silver rose llc;0.0015810276679841897
tombargainbks;0.0007905138339920949
title wave books;0.005533596837944664
garter books;0.0007905138339920949
50000books.com;0.0007905138339920949
awesome books;0.0015810276679841897
pasargad bookstore;0.003952569169960474
bookbuyers online;0.023715415019762844
gulls nest books, inc.;0.021343873517786563
book baron anaheim;0.0023715415019762848
book emporium;0.0015810276679841897
highfield book shop;0.0047430830039525695
arvelle buch- und medienversand;0.0015810276679841897
abraxus books;0.0031620553359683794
nationwide book traders;0.007905138339920948
college book service;0.057707509881422925
price cut books ltd;0.003952569169960474
monarchy books;0.0023715415019762848
mediasell (g.i.v. mbh);0.013438735177865613
torontodirect;0.0007905138339920949
total information;0.0015810276679841897
books @ el paso;0.0007905138339920949
gildonbooks;0.0023715415019762848
zillions of;0.010276679841897233
noram international partners, llc;0.005533596837944664
pacific book exchange, llc;0.017391304347826087
mostly books;0.0007905138339920949
bookdonors community interest  co ltd;0.0015810276679841897
the book cellar, llc;0.011857707509881422
frugal media corporation;0.01818181818181818
! textbookace.com!;0.0023715415019762848
empire booksellers;0.0015810276679841897
urbano libros;0.0015810276679841897
>>>metro books>>>;0.0007905138339920949
dynes investments llc;0.0007905138339920949
textbook recycle;0.013438735177865613
bookmasters;0.0023715415019762848
kirk bayless;0.0007905138339920949
hyannisport books;0.0023715415019762848
avol's bookstore;0.0015810276679841897
frogprincebooks;0.0007905138339920949
oak creek books;0.003952569169960474
wap central booker;0.0015810276679841897
glued to the tube books;0.005533596837944664
tenbestbooks.com;0.0015810276679841897
maher the bookseller ba;0.005533596837944664
james sroda - books;0.0007905138339920949
bananafish books;0.0007905138339920949
by hand books;0.007905138339920948
seashellbooks.com, inc.;0.003952569169960474
awoc.com;0.0007905138339920949
scholar's book outlet;0.011857707509881422
much ado about books;0.0007905138339920949
aaa textbooks;0.008695652173913044
piedmont books;0.0015810276679841897
book mavericks;0.0015810276679841897
bookfanz;0.0023715415019762848
antiquariat an der universit?t darmstadt;0.007905138339920948
lucky books;0.0007905138339920949
brian t stoval;0.0015810276679841897
blumenkraft books;0.0015810276679841897
samkat books;0.0031620553359683794
usedbooks123;0.007905138339920948
free shipping books;0.007905138339920948
ginny6 books;0.0007905138339920949
librairie antoine;0.006324110671936759
heroic image;0.008695652173913044
yes books, inc,;0.0007905138339920949
durnickbooks;0.0023715415019762848
black and read bookstore;0.0007905138339920949
archives books, inc.;0.006324110671936759
calvello books;0.0015810276679841897
susan bookshop;0.0023715415019762848
mole de books;0.0007905138339920949
books for change;0.0007905138339920949
pbx warehouse llc;0.0015810276679841897
b2books;0.0015810276679841897
george cross books;0.003952569169960474
greenview book depository;0.0023715415019762848
allison b. goodsell, rare books;0.0007905138339920949
manchester by the book;0.0007905138339920949
centurion books;0.0015810276679841897
international publishers group;0.0015810276679841897
book liquidators;0.0007905138339920949
the green jacket;0.0007905138339920949
flyingelfbooks;0.0007905138339920949
rocking chair books;0.0007905138339920949
gemstone books;0.0023715415019762848
nelson & nelson, booksellers;0.0015810276679841897
booksr4u;0.0007905138339920949
recyclebooks.org;0.0007905138339920949
the avocado pit;0.0007905138339920949
books beyond borders;0.0071146245059288534
woodward books;0.0015810276679841897
bulldogbooks;0.0007905138339920949
pavillion iv books;0.0047430830039525695
lawrence's books;0.0015810276679841897
twice read books;0.0007905138339920949
rare finds books, music, etc.;0.0007905138339920949
bookzone illinois;0.0015810276679841897
jerome mccarthy;0.0007905138339920949
bookscorner1;0.0007905138339920949
mybooklocator;0.0007905138339920949
shadow books;0.0007905138339920949
the bibliofile;0.0015810276679841897
foolscap books;0.0015810276679841897
www.bluecrestbooks.com;0.003952569169960474
lost books;0.0071146245059288534
bookman;0.0007905138339920949
turn of the century;0.0023715415019762848
pacesetter books;0.0031620553359683794
bookorders;0.0015810276679841897
david m. riley;0.0007905138339920949
booksrus.biz;0.0031620553359683794
veda's books n more;0.0007905138339920949
verycoolbooks.com, inc.;0.005533596837944664
park boulevard books;0.0047430830039525695
lucky dog books;0.0007905138339920949
brettsbooks;0.003952569169960474
marilyn's attic;0.0023715415019762848
charles berry, bookseller;0.0007905138339920949
hrs books;0.0071146245059288534
smith family bookstore;0.0047430830039525695
full circle books;0.0007905138339920949
junic resources;0.0031620553359683794
cheapbookshop;0.0015810276679841897
jefeducator;0.003952569169960474
book booth;0.0015810276679841897
fireside angler;0.0007905138339920949
totalqualitybooks;0.0015810276679841897
r. c., bookseller;0.0015810276679841897
charles river bookshop;0.003952569169960474
louis morin;0.0047430830039525695
diane's books and  novelties;0.0007905138339920949
nycprice;0.0023715415019762848
recycled pages;0.0007905138339920949
jr books;0.0007905138339920949
dave henson - books;0.0007905138339920949
hound dog books;0.0007905138339920949
bingobooks2;0.0047430830039525695
silicon valley fine books;0.0023715415019762848
university of leicester bookshop ba;0.0007905138339920949
pengwyn books, ltd.;0.008695652173913044
book barn ltd;0.011067193675889328
c. angela wykoff, bookseller;0.0007905138339920949
mary jane books;0.003952569169960474
chandler & wright;0.0007905138339920949
lawson books;0.0015810276679841897
tj's books;0.0007905138339920949
agd books;0.0023715415019762848
aardvark books;0.0007905138339920949
the book centre;0.0007905138339920949
rhinoplus.net;0.005533596837944664
sandra gudac;0.003952569169960474
half red house;0.0007905138339920949
elistics;0.0031620553359683794
jim camden;0.0007905138339920949
you need this, llc;0.0007905138339920949
hanselled books;0.0007905138339920949
jr trading/bookjoint;0.0047430830039525695
cambridgebookstore.com;0.0015810276679841897
beazle's books;0.0007905138339920949
brockport college foundation -- books;0.0031620553359683794
benton books;0.0015810276679841897
alfa bookstore;0.0031620553359683794
normal books;0.0023715415019762848
rivalbooks.com;0.0007905138339920949
sheebook;0.0031620553359683794
infinity books japan;0.0007905138339920949
calliope books;0.0007905138339920949
honeybee's books;0.0007905138339920949
reader's corner, inc.;0.003952569169960474
the book stop;0.0007905138339920949
magus books seattle;0.0023715415019762848
omnibooksuk ltd;0.0007905138339920949
curio;0.0007905138339920949
northshore tech sales inc;0.0007905138339920949
more books, please;0.007905138339920948
the big book sale;0.007905138339920948
rack 'em books;0.0015810276679841897
thomas e franklin;0.0031620553359683794
cellar of books;0.003952569169960474
avept;0.0023715415019762848
the book shelf li;0.0015810276679841897
rowinski books;0.0007905138339920949
bound matter;0.0007905138339920949
je duplice books;0.0015810276679841897
chestnut tree books;0.0015810276679841897
taradise books;0.0023715415019762848
books enterprise;0.0007905138339920949
first used books;0.0007905138339920949
calliope bookstore;0.0007905138339920949
babooneez;0.0023715415019762848
extremelyreliable;0.006324110671936759
oak hill books of austin;0.0015810276679841897
the dragon fruit garden;0.0007905138339920949
barter books;0.0007905138339920949
the book place;0.0007905138339920949
university book source, ltd.;0.0015810276679841897
affordable collectibles;0.0007905138339920949
art solo;0.0007905138339920949
robin summers;0.0031620553359683794
pulpfiction books;0.0023715415019762848
bluecoatbooks.co.uk;0.0015810276679841897
jenson online;0.0007905138339920949
david's books;0.007905138339920948
rainbow bear books and miscellaneous;0.0023715415019762848
comstock's bindery and bookshop;0.0031620553359683794
reuben goldberg books;0.0007905138339920949
bookarama, inc;0.008695652173913044
zubal books;0.0015810276679841897
bigcat books;0.0007905138339920949
acsbooks.com;0.0007905138339920949
a novel idea bookstore;0.0007905138339920949
friends of the san carlos library;0.0007905138339920949
r d greenberg;0.0007905138339920949
elordinc;0.0015810276679841897
strand book store, abaa;0.0015810276679841897
furniture recycled ltd;0.0007905138339920949
religious books;0.0007905138339920949
books for trees;0.0015810276679841897
pcs books;0.0015810276679841897
highway book shop;0.0023715415019762848
yesteryear books;0.0023715415019762848
the haven bookstore;0.0007905138339920949
uk internet books;0.0007905138339920949
okin books;0.0007905138339920949
t. b. anderson;0.0007905138339920949
west cr books;0.0007905138339920949
the book broker;0.0023715415019762848
book-recycler.com;0.0007905138339920949
orchid books;0.0007905138339920949
beck's books of sacramento;0.0007905138339920949
bej ent.-online bookstore;0.0007905138339920949
ooplas;0.0015810276679841897
teen leep;0.0015810276679841897
vielbuch.de - onlineantiquariat;0.015810276679841896
pima;0.005533596837944664
lds heritage books;0.0015810276679841897
dixieland books;0.0023715415019762848
harbor isle books;0.0007905138339920949
wise owl books;0.0007905138339920949
malibuevenings;0.0015810276679841897
crazy ladies bookshop;0.0007905138339920949
elephantbooks.com;0.0031620553359683794
bookworm exchange;0.0007905138339920949
left coast books;0.0007905138339920949
adsrus inc.com;0.0031620553359683794
forest books;0.0007905138339920949
books from california;0.0015810276679841897
hawk books;0.0007905138339920949
experienced books, llc;0.0023715415019762848
www.anybookworld.com;0.003952569169960474
book eddy;0.0007905138339920949
booktopia;0.0007905138339920949
acquired books;0.0007905138339920949
shop in your pajamas;0.0031620553359683794
ophelia's books;0.0007905138339920949
lechayim;0.0007905138339920949
k&r's firsteditions;0.0015810276679841897
plumcircle;0.0015810276679841897
chanda's bargain books;0.0007905138339920949
alhambra books;0.0007905138339920949
bin around the world;0.0007905138339920949
dan behnke bookseller;0.0007905138339920949
telegraph books;0.0023715415019762848
cummings books;0.006324110671936759
goldyne;0.005533596837944664
monroe vista group;0.0007905138339920949
bookshop on the avenue;0.0007905138339920949
flickswap.com llc;0.0031620553359683794
kelvin books;0.0007905138339920949
g3 books;0.0007905138339920949
the book bin -- attn: carl;0.0031620553359683794
plurabelle books;0.0007905138339920949
antiquariat mehlig;0.0007905138339920949
treasure coast books;0.0015810276679841897
warrior books, inc.;0.0031620553359683794
p.c. schmidt, bookseller;0.0015810276679841897
computer book works;0.006324110671936759
early republic books;0.0007905138339920949
gene carpenter, bookseller;0.0007905138339920949
metropolitanbookstore;0.0015810276679841897
great northwest bookstore;0.0007905138339920949
sterling books a.b.a. i.l.a.b.;0.0007905138339920949
davids antiquariat + www.catch-a-book.de;0.0031620553359683794
elizabeth brown books & collectibles;0.0007905138339920949
mt. baker books;0.0007905138339920949
willow books;0.0007905138339920949
larry christian dba  metoyoubooks;0.0023715415019762848
dcbooks;0.0007905138339920949
chapterhouse books online ba;0.005533596837944664
the bookman, inc.;0.039525691699604744
macjulison;0.0007905138339920949
hay-on-wye booksellers;0.0015810276679841897
a. raj din-dayal booksellers;0.0031620553359683794
hay-on-wye booksellers2;0.0007905138339920949
tjeerd dijkstra;0.0007905138339920949
indian path books;0.0007905138339920949
enviro-text books, inc.;0.0015810276679841897
booklovers.co.uk;0.0007905138339920949
dustjacketbooks;0.0007905138339920949
gail's books;0.0007905138339920949
prairie archives;0.0031620553359683794
upstate books;0.0007905138339920949
the book keeper, llc;0.0015810276679841897
summer house books;0.0015810276679841897
carol's books;0.0015810276679841897
jubilee books;0.0007905138339920949
bookpower;0.0007905138339920949
three spires books;0.0015810276679841897
monk cabin books;0.0023715415019762848
these old books;0.0015810276679841897
book oasis;0.0015810276679841897
pamplemousse books;0.0007905138339920949
ab book company;0.0023715415019762848
luv them books;0.0015810276679841897
northbrae books;0.0007905138339920949
quickshipment;0.0031620553359683794
bank of books;0.0023715415019762848
beach books;0.0015810276679841897
ahab books;0.0007905138339920949
beacon hill new used and rare books;0.0023715415019762848
keeps books;0.0015810276679841897
miknik books;0.0015810276679841897
new boston fine and rare books;0.0007905138339920949
rose bonaparte;0.0007905138339920949
downtown books and beans;0.0007905138339920949
books more handsome than fine;0.0007905138339920949
ashcrest books;0.0007905138339920949
khare enterprises;0.0007905138339920949
bluegrass book supply;0.0007905138339920949
zeeba books;0.0015810276679841897
mannin books;0.0007905138339920949
hometown books;0.0007905138339920949
livres bronx books;0.0007905138339920949
the book source;0.0007905138339920949
reliable enterprises, inc.;0.0015810276679841897
lilly's books;0.0015810276679841897
recycle bookstore west;0.0015810276679841897
minster books;0.0007905138339920949
the book bin;0.0015810276679841897
dale's books;0.0007905138339920949
the book escape;0.0015810276679841897
bucklin hill books;0.0015810276679841897
dawn treader bookshop;0.0007905138339920949
bookfargo;0.0007905138339920949
chaineys;0.0007905138339920949
er books;0.0007905138339920949
bridgetown books;0.0015810276679841897
mary's creek books;0.0007905138339920949
collect musings;0.0023715415019762848
magers and quinn booksellers;0.0007905138339920949
arundel books;0.0007905138339920949
beacybooks;0.0015810276679841897
out of print;0.0007905138339920949
michael mccarty fine books;0.0007905138339920949
adagio books;0.0007905138339920949
spine and crown;0.0007905138339920949
book buzzard;0.0007905138339920949
becauseyouread;0.0015810276679841897
bookslover11;0.0007905138339920949
kalpatru llc;0.0047430830039525695
textbook18;0.0015810276679841897
keen northwest;0.0007905138339920949
marbus farm books;0.0007905138339920949
anaximander's bookshelf;0.0015810276679841897
ted george;0.0023715415019762848
alexandria books;0.0007905138339920949
textbookxpres;0.0007905138339920949
veritasnow;0.0007905138339920949
eastburn books;0.0015810276679841897
mcallister & solomon books;0.0007905138339920949
fab books;0.0007905138339920949
desktop music, llc;0.0007905138339920949
lady lisa's bookshop;0.0007905138339920949
bigdahn;0.0007905138339920949
great pacific books;0.0007905138339920949
little book buddy;0.0007905138339920949
the library store;0.0023715415019762848
book peddler;0.0007905138339920949
yella-umbrella limited;0.0007905138339920949
book dispensary;0.0007905138339920949
buecherdackel;0.005533596837944664
shirley's book services;0.0007905138339920949
tuttle bookstore;0.0031620553359683794
remi leclerc;0.0015810276679841897
brillig books;0.0007905138339920949
bookman-huntington;0.0015810276679841897
midnight bookman;0.0007905138339920949
leifbooks;0.0007905138339920949
birkitt's books;0.0007905138339920949
jonathan grobe books;0.0023715415019762848
boomer's books;0.0007905138339920949
uwantthisbook;0.0007905138339920949
gusdorf's books;0.0007905138339920949
badrisbooks;0.0023715415019762848
one price books;0.0007905138339920949
fishpond limited;0.0023715415019762848
diatrope books;0.0007905138339920949
the warm springs book company;0.0007905138339920949
arbour books;0.0007905138339920949
pat marketing;0.008695652173913044
speedy books shipping from usa!;0.03320158102766799
reliable book service;0.05691699604743083
best book deals;0.02766798418972332
boox2relyon;0.015019762845849802
market4books;0.0007905138339920949
daylight books;0.0007905138339920949
covenant international inc.;0.0023715415019762848
bradsbooks.com;0.003952569169960474
hpc publishers;0.0007905138339920949
john gargiso;0.0007905138339920949
northeast books;0.0031620553359683794
bookcloseouts.com;0.007905138339920948
avidbookseller;0.0023715415019762848
jona books;0.0015810276679841897
aamstar bookshop;0.0007905138339920949
-the recycled book shop-;0.0047430830039525695
save_you_a_lot;0.0023715415019762848
rk sellers;0.003952569169960474
studentbookstoreglobal;0.0023715415019762848
river city books, llc;0.0015810276679841897
conover books;0.0007905138339920949
antiquariat dorner;0.0023715415019762848
bookmac;0.0007905138339920949
wolfcreek books;0.0007905138339920949
allen williams books;0.0007905138339920949
ruby's market;0.0007905138339920949
elder's bookstore;0.0007905138339920949
j.e. miles, a bookseller;0.0007905138339920949
fairy godmothers;0.0007905138339920949
the annex;0.0015810276679841897
derbook;0.0007905138339920949
goodale enterprise;0.0007905138339920949
louisville's book.net;0.0007905138339920949
classic books of virginia;0.0007905138339920949
briarwood books;0.0007905138339920949
keva books, llc;0.0015810276679841897
outspoken & relaxed reader cafe;0.0007905138339920949
samm44's used books;0.0007905138339920949
pandora antiquariat;0.0015810276679841897
philadelphia book company;0.0007905138339920949
red barn books;0.003952569169960474
antiquariat kisch & co.;0.0015810276679841897
rbr books;0.0015810276679841897
mustardseed enterprises;0.0007905138339920949
river valley books;0.0007905138339920949
the old library shop;0.0007905138339920949
the used bookstore;0.0007905138339920949
books on the boulevard;0.0007905138339920949
abc books;0.0007905138339920949
frabjous books;0.0015810276679841897
the book den, abaa;0.0007905138339920949
book lovers usa;0.1367588932806324
lakeside books;0.18181818181818182
free postage ! @thebookcompany;0.14703557312252966
sarl culture-factory;0.1225296442687747
ecobook - libreria del economista;0.0007905138339920949
mini city media;0.0015810276679841897
mega media depot;0.03241106719367589
worldofbooks;0.1399209486166008
jimmy larue;0.0007905138339920949
librairie la canopee. inc.;0.015019762845849802
webbookstore;0.010276679841897233
ventura pacific ltd out of print books;0.0023715415019762848
justice book company;0.0015810276679841897
d2d books;0.003952569169960474
the book trader;0.0007905138339920949
helion & company ltd;0.007905138339920948
bookfargo c/o christopher roman;0.0031620553359683794
cassidy's  bookstore;0.0007905138339920949
86 books;0.0007905138339920949
dotcom liquidators / dc 1;0.009486166007905139
ulrich books, llc;0.0047430830039525695
bookbox;0.003952569169960474
scholar's basement;0.0007905138339920949
ebookmine;0.005533596837944664
b?cher th?ne;0.0007905138339920949
wonder book and video;0.0015810276679841897
get used books;0.0015810276679841897
bailey's books;0.0007905138339920949
the book store;0.0007905138339920949
creative outlet;0.0015810276679841897
lorraine leaton;0.0007905138339920949
books express;0.0015810276679841897
oakwood books/ emb triad;0.0031620553359683794
moonxscape;0.0015810276679841897
mindfair;0.0007905138339920949
tomes in the attic;0.0007905138339920949
changing hands bookstore;0.0007905138339920949
astley book farm;0.0007905138339920949
der buchfreund;0.0015810276679841897
chris duggan, bookseller;0.0007905138339920949
bookpenny;0.0015810276679841897
macysbook;0.012648221343873518
the text book planet. com;0.0015810276679841897
gurung prem kala;0.0015810276679841897
yello  textbook;0.0015810276679841897
cheaptext4u;0.005533596837944664
market media;0.0007905138339920949
the collegestore 207;0.0007905138339920949
subtext;0.0007905138339920949
the aleph;0.0015810276679841897
chicago textbook, inc.;0.0007905138339920949
bookbrothers.net;0.0023715415019762848
dirtcheapbooks4u;0.0023715415019762848
vismum;0.0015810276679841897
valorebooks;0.0023715415019762848
church stretton books;0.0007905138339920949
au brouillon de culture;0.0007905138339920949
wm burgett bks and collectibles;0.0007905138339920949
b-line books;0.0007905138339920949
blue fog books;0.0015810276679841897
sapientia;0.007905138339920948
aristotle's  library;0.009486166007905139
xiao xiaohong;0.0007905138339920949
the second reader bookshop;0.0007905138339920949
carnforth bookshop ba;0.0007905138339920949
laird books;0.0007905138339920949
eric t. moore books;0.0007905138339920949
chamblin bookmine;0.0023715415019762848
burke used books;0.0007905138339920949
sunset books;0.0015810276679841897
aabooks;0.0007905138339920949
bpc books;0.0007905138339920949
the critical eye used books;0.0015810276679841897
book buyers;0.0007905138339920949
firstclassbooks;0.005533596837944664
read-a-book;0.0007905138339920949
summerlee books;0.0015810276679841897
charlie byrne's bookshop;0.0007905138339920949
ponce a time books;0.0007905138339920949
kbooks;0.0007905138339920949
baldwin's book barn;0.0007905138339920949
netocc;0.0023715415019762848
twice sold tales;0.0007905138339920949
readingstore;0.0007905138339920949
the book fiend;0.0007905138339920949
barbara anderson;0.0007905138339920949
book nook of orange county;0.0031620553359683794
book source;0.0007905138339920949
odonnell's general store;0.0007905138339920949
paperback emporium;0.0007905138339920949
carlo baroncini;0.0015810276679841897
victoria bookshop;0.0007905138339920949
azbooka;0.0007905138339920949
bookstir;0.0015810276679841897
utah book and magazine;0.0007905138339920949
oxbooks;0.0007905138339920949
thomas f. pesce';0.0007905138339920949
red carpet books;0.0007905138339920949
purplefishbooks;0.0007905138339920949
goulds book arcade, sydney;0.0007905138339920949
tudorbooks;0.0007905138339920949
abba books;0.0007905138339920949
pride and prejudice-books;0.0007905138339920949
robert s. brooks, bookseller;0.0015810276679841897
william a. breitmaier;0.0007905138339920949
twice sold tales queen anne;0.0007905138339920949
defunct books;0.0007905138339920949
steamer trunk books;0.0007905138339920949
mor-books;0.0007905138339920949
ihs atp;0.0023715415019762848
www_mediastuffs_com;0.0007905138339920949
warnock books;0.0007905138339920949
seattle_bookseller;0.0007905138339920949
stephanie henry;0.0007905138339920949
one man operation bookseller;0.0007905138339920949
mycheapbooks;0.0007905138339920949
skyvalleybooks;0.0007905138339920949
walrus books;0.0007905138339920949
old orchard bookstore;0.0007905138339920949
a new life books;0.0007905138339920949
looksgoodbooks;0.0023715415019762848
saieis inc;0.0015810276679841897
finger lakes cottage;0.0007905138339920949
philip weiss auctions;0.0007905138339920949
global book locator;0.0007905138339920949
scrooge and marley books;0.0015810276679841897
the book faire;0.0007905138339920949
gold chest books;0.0015810276679841897
paper moon books;0.0007905138339920949
forgotten treasures;0.0007905138339920949
novanglus books;0.0007905138339920949
readingbycoastal;0.0007905138339920949
veda's marketing agencies;0.0015810276679841897
www.icehousebooks.co.uk;0.0007905138339920949
rwl group  (booksellers);0.0007905138339920949
tiber books;0.0007905138339920949
forgottenfinds- bookseller;0.0007905138339920949
book planet;0.0007905138339920949
blue sage books;0.0007905138339920949
diane publishing co.;0.0007905138339920949
northside book market used & rare;0.0007905138339920949
still water books;0.0007905138339920949
timothy j. brancamp, bookseller;0.0007905138339920949
bridebooks, llc;0.0007905138339920949
fairandfast;0.0007905138339920949
my back pages balham;0.0007905138339920949
brownsbooks international;0.0007905138339920949
elaine thompson;0.0007905138339920949
oxfam - su students' union branch;0.0015810276679841897
academic books online;0.0007905138339920949
innana rollason;0.0007905138339920949
research ink;0.0007905138339920949
galloway and porter ltd aba ilab  ba;0.0007905138339920949
j. hood, booksellers,    abaa/ilab;0.0015810276679841897
newtonlibrary.net;0.0007905138339920949
voyager books;0.0007905138339920949
leader books sa;0.0015810276679841897
michael's books;0.0007905138339920949
e. louis hinrichs;0.0007905138339920949
virtuous volumes et al.;0.0007905138339920949
backwater bookstore;0.0007905138339920949
atticus books;0.0007905138339920949
north mountain books;0.0007905138339920949
riverby books;0.0007905138339920949
bibliohound;0.0007905138339920949
lorem ipsum books;0.0007905138339920949
paradise found books;0.0007905138339920949
banjo booksellers, ioba;0.0007905138339920949
general eclectic books;0.0007905138339920949
sharon neva book trader;0.0007905138339920949
bookstore at the end of the universe;0.0007905138339920949
charles bossom;0.0007905138339920949
dana books;0.0007905138339920949
readerfind booksearch;0.0007905138339920949
harvest book company;0.0007905138339920949
bibliotique;0.0007905138339920949
fairlane books;0.0007905138339920949
skoob (russell square);0.0007905138339920949
winged monkey books;0.0007905138339920949
neil g. marshall;0.0015810276679841897
primrose hill books ba;0.0015810276679841897
aridium internet books;0.0007905138339920949
100pockets;0.0007905138339920949
yoyo's books;0.0007905138339920949
a squared books (don dewhirst);0.0007905138339920949
kennys bookshop and art galleries ltd.;0.0007905138339920949
jml books;0.0007905138339920949
hill country traders;0.0007905138339920949
bwalder;0.0007905138339920949
www.arcanabooks.us;0.0007905138339920949
books on high/tri-village book company;0.0007905138339920949
saleson;0.0007905138339920949
finisterre books;0.0007905138339920949
countless pages book store;0.0007905138339920949
live oak books;0.0007905138339920949
old goat books;0.0007905138339920949
lindsay family books;0.0007905138339920949
tom's used books;0.0007905138339920949
textbook master;0.0007905138339920949
cybersmith books;0.0007905138339920949
books4u31;0.0007905138339920949
squirrel away books;0.0007905138339920949
bridge books, inc.;0.0007905138339920949
bestpricedbooks.net;0.0007905138339920949
burke's books;0.0007905138339920949
technical book site;0.0007905138339920949
the muse ba;0.0007905138339920949
kenneth biggs;0.0007905138339920949
q's books;0.0007905138339920949
lake macquarie secondhand books;0.0007905138339920949
puddle books;0.0007905138339920949
all books inc.;0.0007905138339920949
a good read, llc;0.0007905138339920949
bookrunner ltd;0.0007905138339920949
john adams bookshop ba;0.0007905138339920949
leura books;0.0007905138339920949
michael stein versand-antiquariat;0.0007905138339920949
cheap textbook;0.0007905138339920949
books & videos worldwide;0.0007905138339920949
george longden;0.0007905138339920949
endeavour books;0.0007905138339920949
colorbooks2006;0.0007905138339920949
michael  mcvay;0.0007905138339920949
harvard book;0.0007905138339920949
michael cunningham, bookseller;0.0007905138339920949
reedmoor books;0.0007905138339920949
textbook recyclers;0.0007905138339920949
leon's book store;0.0007905138339920949
forthway books;0.0007905138339920949
rose and laurel bookshop;0.0007905138339920949
crossroad books;0.0007905138339920949
antiquariat thomas haker;0.0007905138339920949
oxfam shop - liverpool;0.0007905138339920949
ron ramswick books;0.0007905138339920949
